"Txhash","ContractAddress","ContractName"
0x3442d0eb25b96dc4fb4b0969f4bc1f5c0e461cc02f5003f3927aced39f8c96d9,0x6b24634B517a63Ed0fa2a39977286e13e7E35E25,Setup #0
0xfebe6ba1edf98992d066459b17b72167702dff7b9cb1bdd9ea3d36ad0a346b91,0x1b17Fe87bD49e6ef872b4Fd46fB8280811D795A8,Setup #1
0x76a967c2abcca30029735f95d2ed3dc2cabdf05c03c97fac800ed8460e6e536e,0x5606dc3Ebf7C4e88a1bCD708A9c7b4d139bBCCae,Setup #2
0xae7f5fcca3df385609f22b58d4d00a2e6e9b273ba304a54eb257eb641e1d81b1,0x6b24634B517a63Ed0fa2a39977286e13e7E35E25,Setup #3
0x5ffcd437dd4d9206db2f1733be7fad517a43c89390be799edd5bbfbd426a03fb,0xc463cB02541bFF05BBD45154F984Be1dEe958d59,Setup #4
0x30a9acd25cc593305b181ff74419b82895d04faae3b69bf4f3c3b5972f826995,0xF06c4D42dBD9A51835b62e8Be43E95Ae6749fE21,Setup #5
0x429f3da4cd0fa140d89546471b7ef0b7e5dee308488d78840ab9f5a20212ce1e,0x838Ed804d95044516C16473C91388AE195da0B76,Setup #6
0x556ffe6b48218a5cb35c269bd89c0635ccd3009df8c6af5a37c5b2dd17b624d8,0x17f59F276b807FA9DB93B90225FC45b51a01E262,Setup #7
0x6d2c8892505c4b0572231409202855505574287f35441a28521f6f1be2919e58,0x590525f8362BdDb1dDA388077310EBebA671F43d,Setup #8
0x90480f9bde2d8d9083b28c1217be638180ffe911654b0c73e67d2b294298de29,0xFfb20eF6668F8160934FD84b60F3DeD127F787Aa,Setup #9
0x74e343b9c0090cc4410b8b40bf9c3e113cb71d6502f7228f1751a4802db7d729,0xBA18F8D2Ffc20801950Ae978EE2792eAFfbCc2cb,Setup #10
0x9255eb1a6f8bdcdddaf7d72892ff6c27a00676f9c08edff9251d86682b4b9cea,0x34e5EC7DA55039f332949a6d7dB506cD94594E12,Setup #11
0xbf2fd35b9c2e6dc0d4e2763757f9456eefd0c497970b77c63414d7687eca6f48,0x64A9fcaD8D299aF9B1a96dA17458c0b3D876b687,Setup #12
0x21407f30ca3f596f7dd1bf875ac8fb6afc3d803b1eeec9a6bdb77ee90efd74f4,0xc1dDA4F629ec2c0ec0cD8C8619182f924a53CcD2,Setup #13
0x9d456a0992ff75134418b497fdcc33bf0ec6477229cf370caf8b3870969c3d8b,0x85CCd0c58Fe07DC6716f1EfCcAba0164b97ae66B,Setup #14
0xf4d18d7d231aeb21e88029c7c90ff2a827dc0398e093b35c6faeb11012ea0cb3,0xd1e3bdeB9a027e6B98F689001bd7EFeFfcd3d62f,Setup #15
0x02fe8a2bc90a9cfab2c2a8e513f68692baae982bfe22eb7ce6aba9ae68341b12,0x5E74FcF5f0e2BF57Fb86CfEfc49E5F7F9765e276,Setup #16
0x39134c3a8a6951584a68eb9f86532d582d662b9d228c616073e020a6d25a73d1,0x459D9C80482c541deC1Aa491209EF598BF7c9344,Setup #17
0x6e03145c8517e8bf04f08f88708f7f74ce296dbbf4dde1c3beda5c67f90e81b9,0x10b2E01DF73b4214d13E7bCd019Cd8C39DF623eF,Setup #18
0x59f13dbc508dea0e3b6046b074c8cdcab5756801f3b8bd0a56365da9c7927eea,0xbFB2C43021629C87b83C97F1FAC8D5f6b1078593,Setup #19
0x2044788118b9bce91c1763359ae307b6b5b4eb3b18c1192758837a082c2d489e,0x3137961B2221ab001DF209B8CAEcaa3Bfe6b965A,Setup #20
0x7dcb5d5f92e2c433691b1beeb548c8ac4ad1db5508816ebb4ea78de29d93c1b9,0x4742FD1862E94dc74AeD62A96B6374E68e658f80,Setup #21
0xad55189ddab7e4e0a7d81b80dee448c459b8540aa3d219df09a98f69908f1ba0,0xABF1f66a9fb48F3f5b75C8A83FB5854A9d906343,Setup #22
0xd65b99e5dc95ea2724d2d128b3a61308293c216f42336aa14d1a47be00ce968b,0x0dCb022a9927613f1B4B23F4F893515BA196c5c5,Setup #23
0x15bfaebce9e3340597da4e01dfdf0f130aa927e6c783a24c5edca6e6ee42e4fa,0x0DA6D049020db21A19D387eEA846fd057c2AcE6F,Setup #24
0x3a9d9f4f6ff37a4de3cfe49f6167ac881d2ba169b020704f77158c85cbbc6651,0x26d461a585F3bd19317ab0fD171c11acf8218129,Setup #25
0x5e0cf3ef4820b22889e4daf63c96f16a74c4c18c08e23b959c06fdfeeee933c7,0xe95dF719Fc223CD8E57bA9bAAb8E86bEDF3e5d69,Setup #26
0x43c16ca7c1567028b619edbe8405605366b27cc4b56545356893f5057fd39fc6,0xEA24831C86c29A5dbfc54B8B1D4FEad35A30d490,Setup #27
0x4156881cfcf8cbc6009b674a9123746edeb0aea2af092552df85860301a9145c,0xd80960575d177A09FEb8497dBaE9F6583fcFe297,Setup #28
0x80bf4e927ab7e88096863498dcb07c3088aa375ff6a57cb2a36fc7958bc77833,0x1f5c09a7d6a9B30b43DDDAABD384425DEe0ADe91,Setup #29
0xee15e39bc86d879e5eaf164c9ae946d4290c795b48694ca99a657ff6bec1cab6,0xfa6B1DC84730906417F2160d58F0d56F78F9fA88,Setup #30
0xfda0ece3b9967d214d43869b3b7b1f644105785d78d722f16fb7a8934d772025,0x9BDCf71048DFd8ef1C03a7ae3EDe79F04A096B7F,Setup #31
0xad5b1ba8cbc3021520342f74429d2b96bb87de32568cb2ca8a8e45348c6e9feb,0xa310e233018F11A0a0DE07C7d663F241F30e1be7,Setup #32
0x5f9ec0755836cd5f8e8ec652db3b31c6fe257670ddac9b683b2676685e88b0a8,0x324e6AD3b537c2783b917a3c6947B07A713271a8,Setup #33
0xf7ef80489d6db134802cd16e0498d893fc60b07961378b6e93da01fd37730b28,0xB1F9187d9FFCd22fE2c26FeF3E8b8F90C31Ae885,Setup #34
0xf45173d58931fc3372f469a342cbc57bc7fc83bf7a941d72c224bd7c112b1374,0x4b24A682Bd789fb3E5AADb091971be61BEE60635,Setup #35
0xeeacefbcdaafa89a9cfbeb6442ba4f362b41b0c10e02333b7701955181dc52e1,0x93eF637aC7E96B2431E28c8C71C8A17B9c5CC228,Setup #36
0xb1c1d0494ca944f4334db22ee3970445f12211cb214b5c307846bf9269771914,0x943bF115239b47eB98F47eb6497337c68F00fD59,Setup #37
0x16525ceb2e6bea3b4debddee2e20d7e82aede9dab1b3b7731f1c2d378a54b0b0,0x76BB80b4F1bA62eD2665f537f605C3593daCc458,Setup #38
0x0570cb859a9d5d96f7ad011156b4de0fb796c389d85059cfb351632f02151bb7,0x6c06959586640De3BcdE69BDcEbF2efDa5d3983B,Setup #39
0xb8114e9e72447d603564d11d8e1e4ad13983e160d9687633926c6a214e291ac6,0xAD392F2a981bDE60B43eC988a30ce2aE2d755eD2,Setup #40
0x1428a39786c4a6613a69982e84ef68eb1420bc6c84792cc8a8f31872ef3349a0,0x869a2D3856BE26cfE77cC7Cb6579219d13373Bc9,Setup #41
0x48d1759a1ce738b93fce21758349165a50617d9622c6094d31fcd9560ce0f3c5,0x38B500E61267Ee672c823bE3a8fA559236Bd1FD3,Setup #42
0x3442d0eb25b96dc4fb4b0969f4bc1f5c0e461cc02f5003f3927aced39f8c96d9,0x338e89eeE89fCb4937Fe401214Cee5C538823EaF,Challenge #0
0xfebe6ba1edf98992d066459b17b72167702dff7b9cb1bdd9ea3d36ad0a346b91,0xe374e8882533B844f33B1425C7F60f3689e3698B,Challenge #1
0x76a967c2abcca30029735f95d2ed3dc2cabdf05c03c97fac800ed8460e6e536e,0xe7b2F79b5cd266f3eC3b8cE241c8207d970A6aa1,Challenge #2
0xae7f5fcca3df385609f22b58d4d00a2e6e9b273ba304a54eb257eb641e1d81b1,0xC938077C5334Ab2969eCCF6319A73ab363bA448e,Challenge #3
0x5ffcd437dd4d9206db2f1733be7fad517a43c89390be799edd5bbfbd426a03fb,0x784fDb22d7D3ba13bF7a2ae606CD1F62f8C7765e,Challenge #4
0x30a9acd25cc593305b181ff74419b82895d04faae3b69bf4f3c3b5972f826995,0xc0B42191749A606509804eBCc6a08726cb14688E,Challenge #5
0x429f3da4cd0fa140d89546471b7ef0b7e5dee308488d78840ab9f5a20212ce1e,0xf8cd9B34e1B526Fef4D0eb2cA595D3D349F2301a,Challenge #6
0x556ffe6b48218a5cb35c269bd89c0635ccd3009df8c6af5a37c5b2dd17b624d8,0x9979127DE6660543dDabF1d00f97E0d1AACA2a21,Challenge #7
0x6d2c8892505c4b0572231409202855505574287f35441a28521f6f1be2919e58,0xD264B21C519f403Fb76039f121cFf98F3B29e6B5,Challenge #8
0x90480f9bde2d8d9083b28c1217be638180ffe911654b0c73e67d2b294298de29,0x664152c40e3bA69F3791dD07EdB6dbF4444ccF23,Challenge #9
0x74e343b9c0090cc4410b8b40bf9c3e113cb71d6502f7228f1751a4802db7d729,0x382525B7e8B40Ff9596530216A885C52c511e913,Challenge #10
0x9255eb1a6f8bdcdddaf7d72892ff6c27a00676f9c08edff9251d86682b4b9cea,0x2488764643d43f974b3819dc14400543B3DF9904,Challenge #11
0xbf2fd35b9c2e6dc0d4e2763757f9456eefd0c497970b77c63414d7687eca6f48,0x94f12A6fb7D9B0cBBc43CdDC6A4827649f757c72,Challenge #12
0x21407f30ca3f596f7dd1bf875ac8fb6afc3d803b1eeec9a6bdb77ee90efd74f4,0x412089DA3B6266a6821Cb00475D42FeCE35E110B,Challenge #13
0x9d456a0992ff75134418b497fdcc33bf0ec6477229cf370caf8b3870969c3d8b,0x3dc21F58F3b77aDD4AD5D40992C0B431bdFFc6B8,Challenge #14
0xf4d18d7d231aeb21e88029c7c90ff2a827dc0398e093b35c6faeb11012ea0cb3,0x4d0110377e76B8700280BFC51D30708140933b22,Challenge #15
0x02fe8a2bc90a9cfab2c2a8e513f68692baae982bfe22eb7ce6aba9ae68341b12,0x772dE5258a478Eb9926789f25a1eda0E49A8928f,Challenge #16
0x39134c3a8a6951584a68eb9f86532d582d662b9d228c616073e020a6d25a73d1,0x1020dFFD73141616fa7A931feE757DC9114B79D9,Challenge #17
0x6e03145c8517e8bf04f08f88708f7f74ce296dbbf4dde1c3beda5c67f90e81b9,0xB2Ae8CcB32bfa17AD4e1C26d20cbeFfb37364A82,Challenge #18
0x59f13dbc508dea0e3b6046b074c8cdcab5756801f3b8bd0a56365da9c7927eea,0xB5193e99607e7e63B49ACC48fCe0AC7A3676e4F6,Challenge #19
0x2044788118b9bce91c1763359ae307b6b5b4eb3b18c1192758837a082c2d489e,0x2440dC5B2251b6af30D5E4A5029B26d8B4f8097D,Challenge #20
0x7dcb5d5f92e2c433691b1beeb548c8ac4ad1db5508816ebb4ea78de29d93c1b9,0xA1BCb047E9dc4aCcB36c14288239f9283DF3E68e,Challenge #21
0xad55189ddab7e4e0a7d81b80dee448c459b8540aa3d219df09a98f69908f1ba0,0x68C3CA33c766cd60E4Af98D697EBd541B4DA7968,Challenge #22
0xd65b99e5dc95ea2724d2d128b3a61308293c216f42336aa14d1a47be00ce968b,0x44898e95E81600e7aD0a85F7e1A5daA987BC1365,Challenge #23
0x15bfaebce9e3340597da4e01dfdf0f130aa927e6c783a24c5edca6e6ee42e4fa,0x9eA47E24f3e8b837A7c0A7D6bC3a3Ae946B3bcb2,Challenge #24
0x3a9d9f4f6ff37a4de3cfe49f6167ac881d2ba169b020704f77158c85cbbc6651,0x981a00D3DF4fF2e5dE8c25940b14449f2a5dCaB3,Challenge #25
0x5e0cf3ef4820b22889e4daf63c96f16a74c4c18c08e23b959c06fdfeeee933c7,0x4C9bf01acEA21DDC7Ca25d49d301B8bDd63c1966,Challenge #26
0x43c16ca7c1567028b619edbe8405605366b27cc4b56545356893f5057fd39fc6,0xdA4cbb8eEfbfEfED3ddbeEfa4868732812830B06,Challenge #27
0x4156881cfcf8cbc6009b674a9123746edeb0aea2af092552df85860301a9145c,0x75b665c3695293659949c18719d046089F423834,Challenge #28
0x80bf4e927ab7e88096863498dcb07c3088aa375ff6a57cb2a36fc7958bc77833,0xc7e13b9c94Eb3902Fa272E83Bb4D19392d09eF4d,Challenge #29
0xee15e39bc86d879e5eaf164c9ae946d4290c795b48694ca99a657ff6bec1cab6,0x03145Dc90649Ba9d3B73111Cb658530222fdb556,Challenge #30
0xfda0ece3b9967d214d43869b3b7b1f644105785d78d722f16fb7a8934d772025,0x137A5B4bB53A62BD1Db46e563b89D1884afaC0Ac,Challenge #31
0xad5b1ba8cbc3021520342f74429d2b96bb87de32568cb2ca8a8e45348c6e9feb,0x3C046BCCF5089c02915D8AA79742818C0B478179,Challenge #32
0x5f9ec0755836cd5f8e8ec652db3b31c6fe257670ddac9b683b2676685e88b0a8,0xeBff2d11cCfAa29AB53A636669d55D197e022388,Challenge #33
0xf7ef80489d6db134802cd16e0498d893fc60b07961378b6e93da01fd37730b28,0xc0E7beD54707b176A540C0b30bCB50c86e55b553,Challenge #34
0xf45173d58931fc3372f469a342cbc57bc7fc83bf7a941d72c224bd7c112b1374,0x863aB24261cCAF4533A35f14eCb5687a3BE73599,Challenge #35
0xeeacefbcdaafa89a9cfbeb6442ba4f362b41b0c10e02333b7701955181dc52e1,0x92eBe963B7385ffce64429cb0A164d47CDB4C8f1,Challenge #36
0xb1c1d0494ca944f4334db22ee3970445f12211cb214b5c307846bf9269771914,0xE1A7E30a10b0C319d2A1808D1AC9309B1e8e22EB,Challenge #37
0x16525ceb2e6bea3b4debddee2e20d7e82aede9dab1b3b7731f1c2d378a54b0b0,0x43c3E684cfCD27083f7156E7d883FC7e449e1c59,Challenge #38
0x0570cb859a9d5d96f7ad011156b4de0fb796c389d85059cfb351632f02151bb7,0xC2c83168E3bf85A5DEabF25f9f9873085C201C79,Challenge #39
0xb8114e9e72447d603564d11d8e1e4ad13983e160d9687633926c6a214e291ac6,0x8720D38BbC9212B8fD202BCcda07cff32b6F7920,Challenge #40
0x1428a39786c4a6613a69982e84ef68eb1420bc6c84792cc8a8f31872ef3349a0,0xebb997D2FabE73df8cF88Ab28b82B70741592525,Challenge #41
0x48d1759a1ce738b93fce21758349165a50617d9622c6094d31fcd9560ce0f3c5,0x070Cd04E0Ab2bF1E10411f7aB1b0972164F72879,Challenge #42
